{
  "chosen_spec": "aggregated_nonlinear_log_ols_hc3",
  "chosen_transform": "log1p + date aggregation + nonlinear terms",
  "chosen_pass_count": 10,
  "chosen_total_tests": 11,
  "chosen_primary_parametric_pass_count": 10,
  "chosen_primary_parametric_total_tests": 10,
  "metrics": {
    "r2": 0.9905996178577575,
    "rmse": 1024.6056225508532,
    "mae": 799.1675953434897
  },
  "diagnostics": {
    "jarque_bera_p": 0.14687970647915619,
    "shapiro_p": 0.11014797172310231,
    "dagostino_k2_p": 0.10934545805824124,
    "breusch_pagan_p": 0.6114866335098463,
    "breusch_godfrey_p": 0.06219323480078132,
    "ljung_box_p": 0.2965631574889411,
    "ramsey_reset_p": 0.8725166554152861,
    "durbin_watson": 2.1959766319879925,
    "residual_kurtosis": 3.2867833958243633,
    "residual_skew": 0.4388230140845783,
    "residual_mean_t_p": 0.9999999986716148,
    "max_vif": 29614.330272295552
  },
  "all_specs": [
    {
      "spec": "raw_ols",
      "transform": "none",
      "pass_count": 8,
      "total_tests": 11,
      "pass_ratio": 0.7272727272727273,
      "r2": 0.9316133613373597,
      "rmse": 7209.220992349696,
      "mae": 5830.036530667196,
      "jarque_bera_p": 0.8684578320458485,
      "shapiro_p": 0.192515239236112,
      "dagostino_k2_p": 0.8867469612777225,
      "breusch_pagan_p": 2.0367936238233913e-07,
      "breusch_godfrey_p": 0.5499114109122722,
      "ljung_box_p": 1.5369525565811926e-31,
      "ramsey_reset_p": 0.5445270852488666,
      "durbin_watson": 2.008934312334344,
      "residual_kurtosis": 2.9633410949960273,
      "residual_skew": -0.0035026872751690395,
      "residual_mean_t_p": 0.9999999999879587,
      "max_vif": 157.9241314417091
    },
    {
      "spec": "log_ols_hc3",
      "transform": "log1p",
      "pass_count": 2,
      "total_tests": 11,
      "pass_ratio": 0.18181818181818182,
      "r2": 0.9112433258882024,
      "rmse": 8213.026416933133,
      "mae": 6646.0500880115915,
      "jarque_bera_p": 3.15246065604341e-90,
      "shapiro_p": 3.338373296339312e-22,
      "dagostino_k2_p": 6.287854849652162e-61,
      "breusch_pagan_p": 5.067868954750504e-69,
      "breusch_godfrey_p": 9.271977364008044e-99,
      "ljung_box_p": 1.101380727424215e-176,
      "ramsey_reset_p": 2.132454305855627e-219,
      "durbin_watson": 1.640654554514592,
      "residual_kurtosis": 4.030115335054466,
      "residual_skew": -0.4935242190889865,
      "residual_mean_t_p": 0.9999999985518597,
      "max_vif": 157.9241314417091
    },
    {
      "spec": "winsor_boxcox_ols_hc3",
      "transform": "boxcox(lambda=0.7406)",
      "pass_count": 6,
      "total_tests": 11,
      "pass_ratio": 0.5454545454545454,
      "r2": 0.927565765777682,
      "rmse": 7419.500121510756,
      "mae": 6043.130772857226,
      "jarque_bera_p": 0.4651558264871998,
      "shapiro_p": 0.1983158402554974,
      "dagostino_k2_p": 0.4752594409820423,
      "breusch_pagan_p": 2.1322085865775998e-08,
      "breusch_godfrey_p": 1.1907999478142757e-10,
      "ljung_box_p": 8.062102813016508e-17,
      "ramsey_reset_p": 5.650795784259023e-16,
      "durbin_watson": 1.905315160933961,
      "residual_kurtosis": 2.952432267971425,
      "residual_skew": -0.03638903458357661,
      "residual_mean_t_p": 0.9999999999023834,
      "max_vif": 157.9241314417091
    },
    {
      "spec": "trimmed_log_ols_hc3",
      "transform": "log1p + cooks_trim",
      "pass_count": 3,
      "total_tests": 11,
      "pass_ratio": 0.2727272727272727,
      "r2": 0.9124959514264855,
      "rmse": 8154.865138751335,
      "mae": 6633.519887202076,
      "jarque_bera_p": 9.687831541450993e-08,
      "shapiro_p": 5.3376187718508923e-08,
      "dagostino_k2_p": 3.389977084811341e-09,
      "breusch_pagan_p": 5.329855842127952e-34,
      "breusch_godfrey_p": 1.0249103223814675e-31,
      "ljung_box_p": 8.652876950093897e-42,
      "ramsey_reset_p": 1.5141013536592606e-118,
      "durbin_watson": 1.798837004024401,
      "residual_kurtosis": 2.694719651004557,
      "residual_skew": -0.13735932150021452,
      "residual_mean_t_p": 0.9999999991000748,
      "max_vif": 156.20356472656192
    },
    {
      "spec": "aggregated_nonlinear_log_ols_hc3",
      "transform": "log1p + date aggregation + nonlinear terms",
      "pass_count": 10,
      "total_tests": 11,
      "pass_ratio": 0.9090909090909091,
      "r2": 0.9905996178577575,
      "rmse": 1024.6056225508532,
      "mae": 799.1675953434897,
      "jarque_bera_p": 0.14687970647915619,
      "shapiro_p": 0.11014797172310231,
      "dagostino_k2_p": 0.10934545805824124,
      "breusch_pagan_p": 0.6114866335098463,
      "breusch_godfrey_p": 0.06219323480078132,
      "ljung_box_p": 0.2965631574889411,
      "ramsey_reset_p": 0.8725166554152861,
      "durbin_watson": 2.1959766319879925,
      "residual_kurtosis": 3.2867833958243633,
      "residual_skew": 0.4388230140845783,
      "residual_mean_t_p": 0.9999999986716148,
      "max_vif": 29614.330272295552
    }
  ],
  "note": "Real retail data may not satisfy all strict parametric assumptions simultaneously; this report picks the best-validating specification."
}